location_id,review_id,source,date,rating
4962_147,test_10368849285,FACEBOOK,12/4/15,1.0
4962_147,test_1042394214,FACEBOOK,11/29/16,1.0
4962_185,test_11322162891,GOOGLE_PLACES,8/3/16,1.0
4962_185,test_11324660949,GOOGLE_PLACES,2/3/18,4.0
4962_185,test_11348252095,GOOGLE_PLACES,2/12/16,1.0
4962_185,test_1137850456,GOOGLE_PLACES,2/12/18,4.0
4962_185,test_1142750998,GOOGLE_PLACES,10/15/15,1.0
4962_185,test_11459350091,GOOGLE_PLACES,2/15/18,4.0
4962_185,test_11485163368,GOOGLE_PLACES,9/15/17,3.0
4962_185,test_11486603498,CARS,11/4/17,5.0
4962_185,test_17964742745,CARS,4/16/14,5.0
4962_185,test_17992523328,GOOGLE_PLACES,12/12/17,3.0
4962_185,test_18009881800,GOOGLE_PLACES,11/28/15,1.0
4962_185,test_1857096164,GOOGLE_PLACES,5/30/17,3.0
4962_221,test_18893344113,GOOGLE_PLACES,3/16/18,4.0
4962_147,test_24122188414,CARS,7/10/15,5.0
4962_147,test_24135649174,GOOGLE_PLACES,5/21/15,1.0
4962_221,test_2628136052,GOOGLE_PLACES,3/13/18,4.0
4962_147,test_26898541204,GOOGLE_PLACES,7/5/16,1.0
4962_147,test_26920236280,GOOGLE_PLACES,3/14/18,4.0
4962_147,test_26921896932,GOOGLE_PLACES,5/17/15,1.0
4962_221,test_28040912557,FACEBOOK,11/12/15,1.0
4962_221,test_28060238984,GOOGLE_PLACES,8/6/17,3.0
4962_221,test_28070647126,FACEBOOK,4/27/15,1.0
4962_221,test_28092458176,GOOGLE_PLACES,7/24/17,3.0
4962_147,test_2906173207,GOOGLE_PLACES,5/16/14,5.0
4962_147,test_2907348469,GOOGLE_PLACES,4/15/16,1.0
4962_147,test_29142590895,GOOGLE_PLACES,2/13/18,4.0
4962_221,test_29329333361,FACEBOOK,11/24/17,1.0
4962_221,test_30076565343,FACEBOOK,11/18/15,1.0
4962_221,test_30097294739,GOOGLE_PLACES,1/28/17,3.0
4962_221,test_30134945844,FACEBOOK,11/12/17,1.0
4962_221,test_31114812507,GOOGLE_PLACES,7/7/16,1.0
4962_147,test_31875931115,GOOGLE_PLACES,12/10/16,1.0
4962_147,test_31877508345,GOOGLE_PLACES,8/8/16,1.0
4962_147,test_31890710273,GOOGLE_PLACES,12/15/15,1.0
4962_147,test_3189839607,CARS,10/21/15,5.0
4962_147,test_31937297365,CARS,1/3/18,5.0
4962_221,test_33891887504,GOOGLE_PLACES,9/27/17,3.0
4962_147,test_34666710933,GOOGLE_PLACES,10/17/16,1.0
4962_147,test_34676660798,GOOGLE_PLACES,10/12/15,1.0
4962_147,test_34677191746,GOOGLE_PLACES,2/9/18,4.0
4962_147,test_34687578308,GOOGLE_PLACES,11/20/16,1.0
4962_147,test_34725853029,GOOGLE_PLACES,11/5/15,1.0
4962_147,test_34732459047,CARS,3/20/18,5.0
4962_147,test_34746739258,GOOGLE_PLACES,6/21/14,5.0
4962_221,test_35742937294,GOOGLE_PLACES,5/23/17,3.0
4962_147,test_35872590188,GOOGLE_PLACES,6/7/16,1.0
4962_147,test_4097385087,FACEBOOK,9/27/16,1.0
4962_147,test_4117456954,FACEBOOK,1/17/15,1.0
4962_147,test_4118379807,FACEBOOK,9/3/14,5.0
4962_147,test_4520362318,FACEBOOK,5/4/16,1.0
4962_147,test_4606837084,FACEBOOK,6/11/16,1.0
4962_185,test_5117353648,GOOGLE_PLACES,4/12/16,1.0
4962_185,test_5118745748,GOOGLE_PLACES,7/17/16,1.0
4962_185,test_5119981454,GOOGLE_PLACES,6/10/16,1.0
4962_185,test_5144237966,GOOGLE_PLACES,10/1/17,3.0
4962_185,test_5167675201,GOOGLE_PLACES,7/7/15,1.0
4962_185,test_5168219279,GOOGLE_PLACES,1/13/17,3.0
4962_185,test_5190731424,GOOGLE_PLACES,12/17/14,5.0
4962_185,test_5193333802,GOOGLE_PLACES,11/2/17,3.0
4962_185,test_5219245662,GOOGLE_PLACES,1/2/17,3.0
4962_185,test_5247821199,GOOGLE_PLACES,11/10/16,1.0
4962_185,test_5249572132,GOOGLE_PLACES,10/10/17,3.0
4962_185,test_5277535819,GOOGLE_PLACES,8/29/17,3.0
4962_185,test_586180433,GOOGLE_PLACES,8/1/16,1.0
4962_185,test_5923979516,GOOGLE_PLACES,10/16/17,3.0
4962_185,test_5948663662,GOOGLE_PLACES,8/9/15,1.0
4962_185,test_6006729334,GOOGLE_PLACES,11/9/17,3.0
4962_185,test_6029120394,GOOGLE_PLACES,1/6/18,4.0
4962_185,test_6030100084,GOOGLE_PLACES,1/8/17,3.0
4962_185,test_6034308143,GOOGLE_PLACES,11/5/17,3.0
4962_185,test_6435884609,GOOGLE_PLACES,1/17/18,4.0
4962_185,test_6437930029,GOOGLE_PLACES,12/6/15,1.0
4962_185,test_6438873486,GOOGLE_PLACES,11/5/16,1.0
4962_185,test_6440605382,GOOGLE_PLACES,12/30/15,1.0
4962_185,test_6468658760,GOOGLE_PLACES,9/10/17,3.0
4962_185,test_6492873129,GOOGLE_PLACES,3/16/18,4.0
4962_185,test_6495288575,GOOGLE_PLACES,4/10/15,1.0
4962_185,test_6499194364,GOOGLE_PLACES,12/7/17,3.0
4962_185,test_6522729345,GOOGLE_PLACES,2/17/17,3.0
4962_185,test_6526187150,GOOGLE_PLACES,11/16/17,3.0
4962_185,test_6546362942,GOOGLE_PLACES,12/30/17,3.0
4962_185,test_6551251837,GOOGLE_PLACES,7/7/15,1.0
4962_185,test_6552590800,GOOGLE_PLACES,9/8/17,3.0
4962_185,test_655496347,CARS,11/8/16,5.0
4962_185,test_6580983249,GOOGLE_PLACES,5/3/15,1.0
4962_185,test_6604579830,GOOGLE_PLACES,8/7/17,3.0
4962_185,test_6635554391,GOOGLE_PLACES,8/17/17,3.0
4962_185,test_6636448588,GOOGLE_PLACES,11/10/17,3.0
4962_185,test_6660310635,GOOGLE_PLACES,8/7/16,1.0
4962_185,test_6663506039,CARS,10/10/17,5.0
4962_185,test_6687601691,GOOGLE_PLACES,2/16/17,3.0
4962_185,test_6689832341,GOOGLE_PLACES,12/9/16,1.0
4962_185,test_6714584013,GOOGLE_PLACES,11/28/16,1.0
4962_185,test_8075393129,GOOGLE_PLACES,6/9/17,3.0
4962_185,test_8078356430,GOOGLE_PLACES,6/17/15,1.0
4962_185,test_8103918701,GOOGLE_PLACES,5/6/15,1.0
4962_185,test_8106539140,GOOGLE_PLACES,12/2/17,3.0
4962_185,test_8129575325,GOOGLE_PLACES,10/7/16,1.0
4962_185,test_8133414822,GOOGLE_PLACES,10/3/17,3.0
4962_185,test_8158932883,GOOGLE_PLACES,3/30/18,4.0
4962_185,test_821364071,GOOGLE_PLACES,8/16/17,3.0
4962_185,test_11403560958,GOOGLE_PLACES,11/6/16,1.0
4962_185,test_11405366553,GOOGLE_PLACES,11/7/17,3.0
4962_185,test_17991700810,GOOGLE_PLACES,11/29/17,3.0
4962_185,test_18012374082,GOOGLE_PLACES,5/6/14,5.0
4962_147,test_24145355579,GOOGLE_PLACES,7/23/16,1.0
4962_221,test_2625115053,GOOGLE_PLACES,11/29/16,1.0
4962_147,test_26856273175,GOOGLE_PLACES,4/5/16,1.0
4962_147,test_26935244196,GOOGLE_PLACES,2/21/18,4.0
4962_221,test_30156938022,GOOGLE_PLACES,10/21/16,1.0
4962_221,test_31141434401,GOOGLE_PLACES,11/30/17,3.0
4962_221,test_3391989830,GOOGLE_PLACES,2/17/18,4.0
4962_221,test_35748714297,FACEBOOK,6/26/14,5.0
4962_147,test_4593833542,FACEBOOK,1/2/14,5.0
4962_185,test_595351303,GOOGLE_PLACES,12/17/17,3.0
4962_185,test_6521407745,GOOGLE_PLACES,5/12/17,3.0
4962_185,test_8164502906,GOOGLE_PLACES,12/10/17,3.0
4962_185,test_1131942344,GOOGLE_PLACES,1/1/18,4.0
4962_185,test_1135361175,GOOGLE_PLACES,2/10/18,4.0
4962_185,test_17961773423,GOOGLE_PLACES,12/15/16,1.0
4962_185,test_18514674592,GOOGLE_PLACES,1/1/18,4.0
4962_221,test_26193236278,GOOGLE_PLACES,12/21/17,3.0
4962_147,test_29100622282,GOOGLE_PLACES,1/10/18,4.0
4962_185,test_5121608419,GOOGLE_PLACES,2/1/18,4.0
4962_185,test_5279850747,CARS,7/29/14,5.0
4962_185,test_586222400,GOOGLE_PLACES,5/14/16,1.0
4962_185,test_5922606587,GOOGLE_PLACES,7/14/17,3.0
4962_185,test_5950977897,GOOGLE_PLACES,6/10/17,3.0
4962_185,test_6601435952,GOOGLE_PLACES,12/2/17,3.0
4962_185,test_6632168202,GOOGLE_PLACES,9/6/16,1.0
4962_185,test_6661856279,GOOGLE_PLACES,6/14/17,3.0
4962_185,test_6717218805,GOOGLE_PLACES,9/14/17,3.0
4962_185,test_8074451261,GOOGLE_PLACES,6/8/16,1.0
4962_185,test_8130466134,GOOGLE_PLACES,5/15/16,1.0
4962_147,test_10377352063,FACEBOOK,1/17/15,1.0
4962_185,test_11352239456,GOOGLE_PLACES,10/17/17,3.0
4962_185,test_11375481404,GOOGLE_PLACES,11/10/16,1.0
4962_185,test_11401795470,GOOGLE_PLACES,12/15/17,3.0
4962_185,test_17931302513,GOOGLE_PLACES,1/5/14,5.0
4962_185,test_17932924686,GOOGLE_PLACES,6/13/16,1.0
4962_185,test_17960712658,GOOGLE_PLACES,5/13/16,1.0
4962_147,test_24126660151,GOOGLE_PLACES,3/1/18,4.0
4962_147,test_24143893102,CARS,12/17/14,5.0
4962_221,test_24326790290,GOOGLE_PLACES,7/24/14,5.0
4962_221,test_26279905690,GOOGLE_PLACES,4/25/16,1.0
4962_147,test_26869345534,GOOGLE_PLACES,1/14/18,4.0
4962_147,test_26894812094,CARS,2/26/15,5.0
4962_147,test_29097697216,CARS,6/1/14,5.0
4962_147,test_29109757160,GOOGLE_PLACES,12/6/15,1.0
4962_147,test_29116466916,CARS,5/11/14,5.0
4962_147,test_2914327711,GOOGLE_PLACES,9/15/16,1.0
4962_221,test_29298276471,GOOGLE_PLACES,4/2/14,5.0
4962_221,test_29322483120,GOOGLE_PLACES,8/3/17,3.0
4962_221,test_3006913342,GOOGLE_PLACES,7/6/16,1.0
4962_221,test_30100446802,GOOGLE_PLACES,2/17/18,4.0
4962_221,test_30186528720,GOOGLE_PLACES,6/28/17,3.0
4962_221,test_31112547637,GOOGLE_PLACES,5/24/17,3.0
4962_221,test_3111359399,GOOGLE_PLACES,4/29/14,5.0
4962_221,test_31172264420,GOOGLE_PLACES,6/5/16,1.0
4962_147,test_31901998392,GOOGLE_PLACES,6/19/16,1.0
4962_147,test_3190995024,CARS,4/2/14,5.0
4962_147,test_31923875395,CARS,9/21/14,5.0
4962_221,test_33923642884,FACEBOOK,9/28/15,1.0
4962_221,test_33924442611,FACEBOOK,2/14/18,5.0
4962_221,test_33972387759,GOOGLE_PLACES,12/19/17,3.0
4962_147,test_34684562308,CARS,3/28/14,5.0
4962_147,test_34701459106,GOOGLE_PLACES,2/14/18,4.0
4962_147,test_34708868500,CARS,12/21/14,5.0
4962_147,test_34714475595,GOOGLE_PLACES,3/9/18,4.0
4962_147,test_34722505996,CARS,2/24/16,5.0
4962_147,test_34754356596,CARS,5/13/14,5.0
4962_147,test_34764197353,CARS,5/1/14,5.0
4962_147,test_35873776494,GOOGLE_PLACES,3/3/18,4.0
4962_147,test_35883461158,GOOGLE_PLACES,1/13/18,4.0
4962_147,test_4543867995,FACEBOOK,11/3/15,1.0
4962_147,test_4613211647,FACEBOOK,10/3/16,1.0
4962_185,test_5142158163,GOOGLE_PLACES,4/10/16,1.0
4962_185,test_5222859642,GOOGLE_PLACES,1/31/18,4.0
4962_185,test_5274252010,GOOGLE_PLACES,5/5/16,1.0
4962_185,test_5275935750,GOOGLE_PLACES,5/3/17,3.0
4962_185,test_5917273925,GOOGLE_PLACES,1/6/18,4.0
4962_185,test_5974953254,GOOGLE_PLACES,9/12/17,3.0
4962_185,test_6000723970,GOOGLE_PLACES,12/17/17,3.0
4962_185,test_6001792825,GOOGLE_PLACES,2/6/16,1.0
4962_185,test_6002222280,GOOGLE_PLACES,5/15/16,1.0
4962_185,test_6028148030,GOOGLE_PLACES,3/23/18,4.0
4962_185,test_6441502865,GOOGLE_PLACES,8/30/17,3.0
4962_185,test_6463853148,GOOGLE_PLACES,1/1/18,4.0
4962_185,test_6467918386,GOOGLE_PLACES,5/16/17,3.0
4962_185,test_6497132797,GOOGLE_PLACES,4/29/17,3.0
4962_185,test_6550988180,GOOGLE_PLACES,6/13/16,1.0
4962_185,test_6585697183,GOOGLE_PLACES,12/1/17,3.0
4962_185,test_6600427656,GOOGLE_PLACES,3/23/18,4.0
4962_185,test_6602972074,GOOGLE_PLACES,6/7/17,3.0
4962_185,test_6655409915,GOOGLE_PLACES,3/23/18,4.0
4962_185,test_665911647,GOOGLE_PLACES,6/1/17,3.0
4962_185,test_6686784487,GOOGLE_PLACES,12/5/14,5.0
4962_185,test_6690101724,GOOGLE_PLACES,10/8/17,3.0
4962_185,test_671541388,GOOGLE_PLACES,4/7/17,3.0
4962_185,test_6718331611,GOOGLE_PLACES,10/7/17,3.0
4962_185,test_8052555841,CARS,11/15/16,5.0
4962_185,test_8104778391,GOOGLE_PLACES,2/2/17,3.0
4962_185,test_8160697745,GOOGLE_PLACES,8/2/16,1.0
4962_185,test_8209694030,GOOGLE_PLACES,7/8/17,3.0
4962_185,test_8240836163,GOOGLE_PLACES,1/12/16,1.0
4962_147,test_1035328734,FACEBOOK,11/10/15,1.0
4962_147,test_10359338656,FACEBOOK,3/30/18,1.0
4962_147,test_10369434855,FACEBOOK,10/2/16,1.0
4962_147,test_10384161664,FACEBOOK,6/8/15,1.0
4962_147,test_10397697534,FACEBOOK,6/6/15,1.0
4962_147,test_10408173888,FACEBOOK,5/12/14,5.0
4962_147,test_10422390742,FACEBOOK,2/4/18,1.0
4962_185,test_11320593233,GOOGLE_PLACES,9/2/16,1.0
4962_185,test_11321542820,GOOGLE_PLACES,7/13/16,1.0
4962_185,test_1132329990,GOOGLE_PLACES,2/17/18,4.0
4962_185,test_11347807328,GOOGLE_PLACES,1/3/18,4.0
4962_185,test_11349240195,GOOGLE_PLACES,5/3/15,1.0
4962_185,test_11350660970,GOOGLE_PLACES,8/15/15,1.0
4962_185,test_11351239030,GOOGLE_PLACES,6/15/17,3.0
4962_185,test_11354244538,CARS,3/27/18,5.0
4962_185,test_11373600374,GOOGLE_PLACES,6/28/14,5.0
4962_185,test_11374150527,GOOGLE_PLACES,4/30/15,1.0
4962_185,test_11376477302,GOOGLE_PLACES,4/30/17,3.0
4962_185,test_11377666731,GOOGLE_PLACES,12/8/17,3.0
4962_185,test_11402373863,GOOGLE_PLACES,8/5/16,1.0
4962_185,test_1140448401,GOOGLE_PLACES,10/8/17,3.0
4962_185,test_11406119119,GOOGLE_PLACES,12/31/17,3.0
4962_185,test_11426868846,GOOGLE_PLACES,12/29/17,3.0
4962_185,test_11428372805,GOOGLE_PLACES,9/1/16,1.0
4962_185,test_11429312961,GOOGLE_PLACES,8/1/16,1.0
4962_185,test_11430605448,GOOGLE_PLACES,6/3/17,3.0
4962_185,test_11431526455,GOOGLE_PLACES,12/15/17,3.0
4962_185,test_11432466012,GOOGLE_PLACES,2/9/18,4.0
4962_185,test_11433447988,CARS,3/30/18,5.0
4962_185,test_11454178169,GOOGLE_PLACES,12/17/17,3.0
4962_185,test_1145565574,GOOGLE_PLACES,1/8/16,1.0
4962_185,test_11456296953,GOOGLE_PLACES,12/5/15,1.0
4962_185,test_11457551415,GOOGLE_PLACES,11/30/16,1.0
4962_185,test_11458937779,GOOGLE_PLACES,3/2/18,4.0
4962_185,test_11479488761,GOOGLE_PLACES,1/17/18,4.0
4962_185,test_11480448899,GOOGLE_PLACES,5/1/16,1.0
4962_185,test_11481712335,GOOGLE_PLACES,5/30/15,1.0
4962_185,test_11482388115,GOOGLE_PLACES,8/30/15,1.0
4962_185,test_11483721607,GOOGLE_PLACES,1/5/17,3.0
4962_185,test_11484425617,GOOGLE_PLACES,11/15/17,3.0
4962_185,test_17930600042,GOOGLE_PLACES,12/1/14,5.0
4962_185,test_17933402220,GOOGLE_PLACES,4/1/15,1.0
4962_185,test_17934536430,GOOGLE_PLACES,11/17/17,3.0
4962_185,test_17935813052,GOOGLE_PLACES,2/6/18,4.0
4962_185,test_17958613856,GOOGLE_PLACES,1/6/18,4.0
4962_185,test_17959434669,GOOGLE_PLACES,8/29/16,1.0
4962_185,test_1796232283,GOOGLE_PLACES,9/9/17,3.0
4962_185,test_17963688901,GOOGLE_PLACES,9/9/17,3.0
4962_185,test_17986245098,GOOGLE_PLACES,5/27/14,5.0
4962_185,test_1798736459,GOOGLE_PLACES,8/10/15,1.0
4962_185,test_17988773312,GOOGLE_PLACES,1/8/17,3.0
4962_185,test_17989608031,GOOGLE_PLACES,9/3/15,1.0
4962_185,test_17990823632,GOOGLE_PLACES,2/8/14,5.0
4962_185,test_17993635290,CARS,8/10/15,5.0
4962_185,test_1800843505,GOOGLE_PLACES,12/30/17,3.0
4962_185,test_18010643488,GOOGLE_PLACES,3/31/16,1.0
4962_185,test_18011841313,GOOGLE_PLACES,12/29/16,1.0
4962_185,test_18013924388,GOOGLE_PLACES,9/12/17,3.0
4962_185,test_18014307188,GOOGLE_PLACES,10/6/17,3.0
4962_185,test_18515247519,GOOGLE_PLACES,7/2/15,1.0
4962_185,test_18516526819,GOOGLE_PLACES,11/7/16,1.0
4962_185,test_18517620890,GOOGLE_PLACES,3/29/16,1.0
4962_185,test_18518177949,GOOGLE_PLACES,7/13/16,1.0
4962_185,test_18519814959,GOOGLE_PLACES,2/27/18,4.0
4962_185,test_18520987389,GOOGLE_PLACES,1/29/18,4.0
4962_185,test_1854048852,GOOGLE_PLACES,1/3/18,4.0
4962_185,test_18541327627,GOOGLE_PLACES,5/16/16,1.0
4962_185,test_18542766689,GOOGLE_PLACES,9/10/15,1.0
4962_185,test_18543630195,GOOGLE_PLACES,4/7/15,1.0
4962_185,test_18544192676,GOOGLE_PLACES,8/8/16,1.0
4962_185,test_1854522408,GOOGLE_PLACES,9/17/17,3.0
4962_185,test_18546751472,GOOGLE_PLACES,9/9/17,3.0
4962_185,test_18547271761,CARS,11/3/16,5.0
4962_185,test_18565146140,GOOGLE_PLACES,12/1/17,3.0
4962_185,test_18566502983,GOOGLE_PLACES,9/5/15,1.0
4962_185,test_1856772691,GOOGLE_PLACES,9/14/15,1.0
4962_185,test_18568494325,GOOGLE_PLACES,10/8/15,1.0
4962_185,test_18569915156,GOOGLE_PLACES,2/16/16,1.0
4962_185,test_18571563178,GOOGLE_PLACES,12/16/17,3.0
4962_185,test_18572614130,GOOGLE_PLACES,2/17/18,4.0
4962_221,test_18876775367,FACEBOOK,2/14/17,1.0
4962_221,test_18894947380,GOOGLE_PLACES,9/28/15,1.0
4962_221,test_18895899380,GOOGLE_PLACES,1/31/18,4.0
4962_221,test_18896104298,GOOGLE_PLACES,7/7/16,1.0
4962_221,test_1889794329,GOOGLE_PLACES,8/22/15,1.0
4962_221,test_18901571797,FACEBOOK,7/1/16,1.0
4962_221,test_18902701022,FACEBOOK,5/23/14,5.0
4962_147,test_24123766257,GOOGLE_PLACES,8/8/15,1.0
4962_147,test_24124761530,GOOGLE_PLACES,7/7/16,1.0
4962_147,test_2413131897,CARS,1/17/18,5.0
4962_147,test_24132837779,CARS,11/29/14,5.0
4962_147,test_24133816214,CARS,12/3/14,5.0
4962_147,test_24134938730,GOOGLE_PLACES,3/24/18,4.0
4962_147,test_24141512911,CARS,8/3/14,5.0
4962_147,test_2414266526,CARS,8/21/14,5.0
4962_147,test_24146646914,GOOGLE_PLACES,10/19/16,1.0
4962_147,test_24147934984,GOOGLE_PLACES,7/20/15,1.0
4962_147,test_2415447453,CARS,4/20/16,5.0
4962_147,test_24155854539,CARS,9/30/14,5.0
4962_147,test_24156607590,CARS,4/10/14,5.0
4962_221,test_24269214932,GOOGLE_PLACES,1/31/18,4.0
4962_221,test_24270714810,GOOGLE_PLACES,2/2/18,4.0
4962_221,test_24271735989,GOOGLE_PLACES,12/24/17,3.0
4962_221,test_24272802578,GOOGLE_PLACES,4/27/16,1.0
4962_221,test_24273769228,GOOGLE_PLACES,1/19/17,3.0
4962_221,test_24274482901,GOOGLE_PLACES,1/7/17,3.0
4962_221,test_24278243288,FACEBOOK,6/27/14,5.0
4962_221,test_24297479628,GOOGLE_PLACES,4/6/17,3.0
4962_221,test_24298571250,GOOGLE_PLACES,2/5/16,1.0
4962_221,test_24299494935,GOOGLE_PLACES,9/20/16,1.0
4962_221,test_2430045117,GOOGLE_PLACES,7/27/17,3.0
4962_221,test_24301387564,GOOGLE_PLACES,2/5/18,4.0
4962_221,test_24302956866,GOOGLE_PLACES,1/20/16,1.0
4962_221,test_24325711961,GOOGLE_PLACES,2/21/18,4.0
4962_221,test_2432744421,GOOGLE_PLACES,12/30/15,1.0
4962_221,test_24328683647,GOOGLE_PLACES,7/22/17,3.0
4962_221,test_2432924774,GOOGLE_PLACES,1/7/17,3.0
4962_221,test_24331666968,FACEBOOK,10/17/16,1.0
4962_221,test_24332573035,FACEBOOK,9/8/16,1.0
4962_221,test_26192603479,GOOGLE_PLACES,6/26/15,1.0
4962_221,test_26194550923,GOOGLE_PLACES,4/21/15,1.0
4962_221,test_26195245398,GOOGLE_PLACES,8/3/17,3.0
4962_221,test_26196504408,GOOGLE_PLACES,2/7/18,4.0
4962_221,test_26197353034,GOOGLE_PLACES,3/19/15,1.0
4962_221,test_2622189418,GOOGLE_PLACES,1/3/18,4.0
4962_221,test_2622216406,GOOGLE_PLACES,7/31/15,1.0
4962_221,test_26223673035,GOOGLE_PLACES,3/12/18,4.0
4962_221,test_26224332564,GOOGLE_PLACES,1/7/18,4.0
4962_221,test_26225639385,GOOGLE_PLACES,1/6/15,1.0
4962_221,test_26226492427,GOOGLE_PLACES,9/18/16,1.0
4962_221,test_26229600659,FACEBOOK,5/8/16,1.0
4962_221,test_26230307298,FACEBOOK,1/4/17,1.0
4962_221,test_2624843073,GOOGLE_PLACES,12/26/17,3.0
4962_221,test_2624953598,GOOGLE_PLACES,9/26/15,1.0
4962_221,test_26250488873,GOOGLE_PLACES,12/7/17,3.0
4962_221,test_26252164446,GOOGLE_PLACES,8/31/15,1.0
4962_221,test_26277647621,GOOGLE_PLACES,1/4/18,4.0
4962_221,test_26278995431,GOOGLE_PLACES,7/5/15,1.0
4962_221,test_2628057319,GOOGLE_PLACES,12/3/16,1.0
4962_221,test_26282371029,GOOGLE_PLACES,9/22/17,3.0
4962_221,test_26285360025,FACEBOOK,2/14/18,5.0
4962_221,test_26286763153,FACEBOOK,1/26/17,1.0
4962_147,test_26855339273,GOOGLE_PLACES,5/23/15,1.0
4962_147,test_26863964272,CARS,6/20/14,5.0
4962_147,test_26864157351,CARS,11/1/14,5.0
4962_147,test_26865116769,CARS,2/28/15,5.0
4962_147,test_26866217949,CARS,4/16/14,5.0
4962_147,test_2687444558,CARS,1/9/15,5.0
4962_147,test_2687550163,CARS,8/31/14,5.0
4962_147,test_26876962896,CARS,5/9/14,5.0
4962_147,test_26877209468,CARS,11/5/14,5.0
4962_147,test_26878282094,GOOGLE_PLACES,3/28/18,4.0
4962_147,test_2688030065,GOOGLE_PLACES,1/16/18,4.0
4962_147,test_26883503981,CARS,1/3/15,5.0
4962_147,test_26884299584,CARS,5/5/14,5.0
4962_147,test_26885936436,CARS,6/8/15,5.0
4962_147,test_26888435803,GOOGLE_PLACES,1/15/18,4.0
4962_147,test_26893263671,CARS,7/4/14,5.0
4962_147,test_26895835805,CARS,12/18/14,5.0
4962_147,test_26896999247,CARS,2/17/15,5.0
4962_147,test_26897432927,GOOGLE_PLACES,8/14/14,5.0
4962_147,test_2690537008,CARS,8/2/14,5.0
4962_147,test_26906535358,CARS,9/26/14,5.0
4962_147,test_26907263074,CARS,3/21/14,5.0
4962_147,test_26910873070,GOOGLE_PLACES,1/23/18,4.0
4962_147,test_2691682535,CARS,2/4/14,5.0
4962_147,test_2691795735,CARS,5/30/14,5.0
4962_147,test_26918530426,CARS,9/11/14,5.0
4962_147,test_26919147612,CARS,1/14/15,5.0
4962_147,test_26929607968,CARS,2/3/15,5.0
4962_147,test_26930389829,CARS,4/9/14,5.0
4962_147,test_26931996894,CARS,2/19/15,5.0
4962_147,test_26932662042,CARS,6/15/14,5.0
4962_147,test_26936691862,GOOGLE_PLACES,1/24/15,1.0
4962_147,test_26943775289,CARS,10/11/14,5.0
4962_147,test_26944728840,CARS,10/9/14,5.0
4962_147,test_26945279598,CARS,9/16/14,5.0
4962_147,test_26946403977,CARS,5/31/14,5.0
4962_147,test_26947142700,GOOGLE_PLACES,10/10/15,1.0
4962_147,test_26948471350,GOOGLE_PLACES,9/7/14,5.0
4962_147,test_26949131788,GOOGLE_PLACES,2/20/18,4.0
4962_147,test_26954731074,CARS,4/10/15,5.0
4962_221,test_28033864952,GOOGLE_PLACES,12/7/16,1.0
4962_221,test_28034573316,GOOGLE_PLACES,10/20/16,1.0
4962_221,test_28035924545,GOOGLE_PLACES,6/5/17,3.0
4962_221,test_28036104592,GOOGLE_PLACES,12/22/16,1.0
4962_221,test_28061670892,GOOGLE_PLACES,1/7/16,1.0
4962_221,test_28062422692,GOOGLE_PLACES,8/6/14,5.0
4962_221,test_28063974170,GOOGLE_PLACES,5/30/17,3.0
4962_221,test_28064399275,GOOGLE_PLACES,8/22/16,1.0
4962_221,test_28065343593,GOOGLE_PLACES,2/2/18,4.0
4962_221,test_28091611901,GOOGLE_PLACES,8/29/17,3.0
4962_221,test_28093302644,GOOGLE_PLACES,3/3/18,4.0
4962_221,test_28094640251,GOOGLE_PLACES,1/7/16,1.0
4962_221,test_28095397399,GOOGLE_PLACES,11/20/16,1.0
4962_221,test_28096198809,GOOGLE_PLACES,1/3/17,3.0
4962_221,test_28097614059,FACEBOOK,5/12/17,1.0
4962_221,test_28098419816,FACEBOOK,1/21/14,5.0
4962_147,test_29056840924,CARS,11/29/14,5.0
4962_147,test_29057197071,CARS,4/1/14,5.0
4962_147,test_29058712060,CARS,10/30/14,5.0
4962_147,test_29060456463,GOOGLE_PLACES,6/18/16,1.0
4962_147,test_29068264331,CARS,10/20/14,5.0
4962_147,test_29069173033,CARS,4/13/14,5.0
4962_147,test_29070221585,CARS,2/12/15,5.0
4962_147,test_29071645688,CARS,1/7/15,5.0
4962_147,test_29072605451,GOOGLE_PLACES,12/12/15,1.0
4962_147,test_29074553334,GOOGLE_PLACES,10/12/14,5.0
4962_147,test_29075447181,GOOGLE_PLACES,2/9/18,4.0
4962_147,test_2908272881,CARS,7/14/14,5.0
4962_147,test_29083377053,CARS,1/10/15,5.0
4962_147,test_29084821500,CARS,6/2/14,5.0
4962_147,test_29085203658,CARS,12/18/14,5.0
4962_147,test_29088613547,GOOGLE_PLACES,1/10/18,4.0
4962_147,test_29094178013,CARS,8/19/15,5.0
4962_147,test_29095940767,CARS,12/31/14,5.0
4962_147,test_29096720230,CARS,9/13/14,5.0
4962_147,test_2910364159,CARS,2/17/15,5.0
4962_147,test_29104430309,CARS,5/21/14,5.0
4962_147,test_29105984583,CARS,1/17/15,5.0
4962_147,test_29115654184,CARS,5/28/14,5.0
4962_147,test_29117624064,CARS,9/11/14,5.0
4962_147,test_291184551,CARS,1/31/15,5.0
4962_147,test_2911966022,GOOGLE_PLACES,3/29/18,4.0
4962_147,test_29125623450,CARS,8/14/14,5.0
4962_147,test_29126744555,CARS,4/30/14,5.0
4962_147,test_29127507478,CARS,5/19/14,5.0
4962_147,test_29128284231,CARS,12/6/15,5.0
4962_147,test_2912961304,GOOGLE_PLACES,6/13/14,5.0
4962_147,test_29130721511,GOOGLE_PLACES,7/16/15,1.0
4962_147,test_29138903537,CARS,12/29/14,5.0
4962_147,test_29139231220,CARS,6/20/14,5.0
4962_147,test_29140869890,CARS,10/24/14,5.0
4962_147,test_29141581619,CARS,10/28/14,5.0
4962_147,test_29153145270,CARS,5/10/14,5.0
4962_147,test_29154110077,CARS,4/14/14,5.0
4962_147,test_2915544463,CARS,9/24/14,5.0
4962_221,test_29263139026,GOOGLE_PLACES,9/22/17,3.0
4962_221,test_29264583528,GOOGLE_PLACES,9/23/15,1.0
4962_221,test_29265959470,GOOGLE_PLACES,12/27/17,3.0
4962_221,test_29266476560,GOOGLE_PLACES,8/5/17,3.0
4962_221,test_29267698587,GOOGLE_PLACES,6/25/16,1.0
4962_221,test_29268382203,GOOGLE_PLACES,6/23/16,1.0
4962_221,test_2927230906,FACEBOOK,9/28/17,1.0
4962_221,test_29293698977,GOOGLE_PLACES,4/28/17,3.0
4962_221,test_2929497999,GOOGLE_PLACES,2/3/18,4.0
4962_221,test_29295459754,GOOGLE_PLACES,3/24/16,1.0
4962_221,test_29296380897,GOOGLE_PLACES,10/22/16,1.0
4962_221,test_29297133611,GOOGLE_PLACES,10/29/16,1.0
4962_221,test_29301812126,FACEBOOK,8/4/15,1.0
4962_221,test_29323549381,GOOGLE_PLACES,1/23/16,1.0
4962_221,test_2932412697,GOOGLE_PLACES,11/6/17,3.0
4962_221,test_29325143671,GOOGLE_PLACES,6/27/17,3.0
4962_221,test_29326443401,GOOGLE_PLACES,6/30/16,1.0
4962_221,test_30039195118,GOOGLE_PLACES,5/6/17,3.0
4962_221,test_30040487867,GOOGLE_PLACES,10/29/17,3.0
4962_221,test_30041237697,GOOGLE_PLACES,7/31/17,3.0
4962_221,test_30042979897,GOOGLE_PLACES,9/27/17,3.0
4962_221,test_30043326739,GOOGLE_PLACES,8/4/16,1.0
4962_221,test_300447618,GOOGLE_PLACES,6/4/17,3.0
4962_221,test_30048721173,FACEBOOK,7/7/14,5.0
4962_221,test_30049323178,FACEBOOK,8/25/17,1.0
4962_221,test_30065333246,GOOGLE_PLACES,3/2/18,4.0
4962_221,test_30066135536,GOOGLE_PLACES,3/31/15,1.0
4962_221,test_30067464916,GOOGLE_PLACES,10/4/17,3.0
4962_221,test_30068570571,GOOGLE_PLACES,2/3/18,4.0
4962_221,test_30070219590,GOOGLE_PLACES,8/20/16,1.0
4962_221,test_30075700417,FACEBOOK,3/11/14,5.0
4962_221,test_30098746367,GOOGLE_PLACES,7/7/15,1.0
4962_221,test_30099124418,GOOGLE_PLACES,6/5/14,5.0
4962_221,test_30101278537,GOOGLE_PLACES,4/4/17,3.0
4962_221,test_30126246088,GOOGLE_PLACES,2/2/18,4.0
4962_221,test_30127305070,GOOGLE_PLACES,6/29/15,1.0
4962_221,test_30128368303,GOOGLE_PLACES,6/29/16,1.0
4962_221,test_30129796551,GOOGLE_PLACES,8/19/15,1.0
4962_221,test_30130472368,GOOGLE_PLACES,7/26/16,1.0
4962_221,test_30152366501,GOOGLE_PLACES,5/3/17,3.0
4962_221,test_30153473188,GOOGLE_PLACES,4/3/17,3.0
4962_221,test_30154616665,GOOGLE_PLACES,7/21/15,1.0
4962_221,test_30155668586,GOOGLE_PLACES,4/18/16,1.0
4962_221,test_30157268031,GOOGLE_PLACES,12/26/16,1.0
4962_221,test_30161121614,FACEBOOK,1/7/15,1.0
4962_221,test_30162993908,FACEBOOK,4/14/17,1.0
4962_221,test_30182287220,GOOGLE_PLACES,2/26/18,4.0
4962_221,test_30183969766,GOOGLE_PLACES,6/6/15,1.0
4962_221,test_30184475960,GOOGLE_PLACES,1/3/16,1.0
4962_221,test_30185162778,GOOGLE_PLACES,12/30/17,3.0
4962_221,test_30190996376,FACEBOOK,5/10/17,1.0
4962_221,test_302139111,GOOGLE_PLACES,6/26/15,1.0
4962_221,test_30214479124,GOOGLE_PLACES,7/7/15,1.0
4962_221,test_30215207235,GOOGLE_PLACES,8/24/15,1.0
4962_221,test_30216144928,GOOGLE_PLACES,7/31/17,3.0
4962_221,test_30217139398,GOOGLE_PLACES,7/26/17,3.0
4962_221,test_30218260469,GOOGLE_PLACES,6/23/17,3.0
4962_221,test_31111377467,GOOGLE_PLACES,3/22/18,4.0
4962_221,test_31115920858,GOOGLE_PLACES,12/30/16,1.0
4962_221,test_31116574911,GOOGLE_PLACES,3/6/18,4.0
4962_221,test_311402992,GOOGLE_PLACES,8/26/16,1.0
4962_221,test_31142643068,GOOGLE_PLACES,11/23/17,3.0
4962_221,test_31143333650,GOOGLE_PLACES,12/30/17,3.0
4962_221,test_3114410050,GOOGLE_PLACES,7/24/17,3.0
4962_221,test_31145195231,GOOGLE_PLACES,2/27/18,4.0
4962_221,test_31173802278,GOOGLE_PLACES,8/26/15,1.0
4962_221,test_31174342116,GOOGLE_PLACES,4/21/15,1.0
4962_221,test_31175468093,GOOGLE_PLACES,3/19/17,3.0
4962_221,test_31178344590,FACEBOOK,10/2/15,1.0
4962_147,test_31874703272,CARS,10/29/16,5.0
4962_147,test_31876176689,GOOGLE_PLACES,10/8/16,1.0
4962_147,test_31885483475,CARS,8/17/14,5.0
4962_147,test_3188631207,CARS,6/14/14,5.0
4962_147,test_31887388600,CARS,8/1/14,5.0
4962_147,test_31888630437,CARS,5/20/14,5.0
4962_147,test_31889400587,GOOGLE_PLACES,1/19/18,4.0
4962_147,test_31896814187,CARS,6/21/14,5.0
4962_147,test_31897191852,CARS,8/12/15,5.0
4962_147,test_31899182682,CARS,4/5/14,5.0
4962_147,test_31902297679,GOOGLE_PLACES,1/7/18,4.0
4962_147,test_3191016726,CARS,5/30/14,5.0
4962_147,test_31911391454,CARS,3/1/15,5.0
4962_147,test_31913956365,GOOGLE_PLACES,2/14/18,4.0
4962_147,test_3191555537,GOOGLE_PLACES,1/16/18,4.0
4962_147,test_31921471596,CARS,5/14/14,5.0
4962_147,test_31922312502,CARS,11/12/14,5.0
4962_147,test_31925949686,GOOGLE_PLACES,3/15/18,4.0
4962_147,test_31926616,GOOGLE_PLACES,4/20/15,1.0
4962_147,test_31934287781,CARS,11/23/16,5.0
4962_147,test_31935163410,CARS,11/1/14,5.0
4962_147,test_31936202204,CARS,6/16/14,5.0
4962_147,test_31939888160,GOOGLE_PLACES,11/5/16,1.0
4962_147,test_31943494646,CARS,4/5/14,5.0
4962_147,test_31944859102,CARS,5/1/15,5.0
4962_147,test_31945636200,CARS,12/18/14,5.0
4962_147,test_3194621390,CARS,5/12/14,5.0
4962_147,test_31948172912,GOOGLE_PLACES,1/15/15,1.0
4962_147,test_3195755561,CARS,11/12/15,5.0
4962_147,test_31958564869,CARS,7/11/14,5.0
4962_147,test_31959240833,CARS,9/15/14,5.0
4962_147,test_31960326169,CARS,1/9/15,5.0
4962_147,test_31962911105,GOOGLE_PLACES,11/16/16,1.0
4962_147,test_31969391359,CARS,10/20/14,5.0
4962_147,test_31970514556,CARS,9/30/14,5.0
4962_147,test_31971996771,CARS,10/1/15,5.0
4962_147,test_31972373271,CARS,2/11/15,5.0
4962_221,test_33892735611,GOOGLE_PLACES,1/22/18,4.0
4962_221,test_33893825593,GOOGLE_PLACES,5/2/17,3.0
4962_221,test_33894954261,GOOGLE_PLACES,1/29/18,4.0
4962_221,test_33898864370,FACEBOOK,7/21/16,1.0
4962_221,test_33917288178,GOOGLE_PLACES,6/23/17,3.0
4962_221,test_33918903422,GOOGLE_PLACES,3/23/15,1.0
4962_221,test_3392050660,GOOGLE_PLACES,11/28/15,1.0
4962_221,test_339212442,GOOGLE_PLACES,5/2/15,1.0
4962_221,test_3392240969,GOOGLE_PLACES,11/7/15,1.0
4962_221,test_33945460690,GOOGLE_PLACES,6/30/16,1.0
4962_221,test_3394664452,GOOGLE_PLACES,8/23/16,1.0
4962_221,test_3394727421,GOOGLE_PLACES,5/6/15,1.0
4962_221,test_33948460144,GOOGLE_PLACES,11/22/17,3.0
4962_221,test_33949869248,GOOGLE_PLACES,8/28/17,3.0
4962_221,test_33952627472,FACEBOOK,1/5/18,5.0
4962_221,test_33968101897,GOOGLE_PLACES,10/31/16,1.0
4962_221,test_3396957858,GOOGLE_PLACES,7/24/15,1.0
4962_221,test_3397040358,GOOGLE_PLACES,8/22/15,1.0
4962_221,test_3397115284,GOOGLE_PLACES,3/31/15,1.0
4962_221,test_33976187339,FACEBOOK,5/15/17,1.0
4962_221,test_33977123273,FACEBOOK,7/14/17,1.0
4962_147,test_34667177853,GOOGLE_PLACES,6/21/16,1.0
4962_147,test_34670149562,CARS,4/11/14,5.0
4962_147,test_3467124727,CARS,2/27/15,5.0
4962_147,test_34673243572,CARS,6/25/15,5.0
4962_147,test_3467413581,GOOGLE_PLACES,1/16/16,1.0
4962_147,test_34675773345,GOOGLE_PLACES,7/17/15,1.0
4962_147,test_34682161417,CARS,6/20/14,5.0
4962_147,test_346832521,CARS,8/17/16,5.0
4962_147,test_34685491391,CARS,3/12/18,5.0
4962_147,test_34686175044,GOOGLE_PLACES,4/23/16,1.0
4962_147,test_34694114876,CARS,11/28/14,5.0
4962_147,test_34695918265,CARS,7/3/14,5.0
4962_147,test_34696614770,CARS,4/2/14,5.0
4962_147,test_34697956332,CARS,1/21/18,5.0
4962_147,test_34698801881,GOOGLE_PLACES,1/16/15,1.0
4962_147,test_34699389969,GOOGLE_PLACES,4/21/16,1.0
4962_147,test_34700946383,GOOGLE_PLACES,12/17/15,1.0
4962_147,test_3470732782,CARS,1/27/16,5.0
4962_147,test_34709175203,CARS,9/16/14,5.0
4962_147,test_34710185336,CARS,10/20/14,5.0
4962_147,test_34711706767,GOOGLE_PLACES,4/19/15,1.0
4962_147,test_34712213505,GOOGLE_PLACES,5/12/16,1.0
4962_147,test_34719858373,CARS,4/25/14,5.0
4962_147,test_34720794468,CARS,9/3/14,5.0
4962_147,test_34721245110,CARS,4/10/14,5.0
4962_147,test_34733234996,CARS,7/22/14,5.0
4962_147,test_34734799377,CARS,5/24/14,5.0
4962_147,test_34735854622,CARS,10/16/14,5.0
4962_147,test_34737537682,GOOGLE_PLACES,1/23/18,4.0
4962_147,test_34742617634,CARS,3/27/14,5.0
4962_147,test_34743486182,CARS,12/26/15,5.0
4962_147,test_34744452080,CARS,4/14/14,5.0
4962_147,test_34745380328,CARS,8/17/15,5.0
4962_147,test_34747105518,GOOGLE_PLACES,10/5/15,1.0
4962_147,test_34749716870,GOOGLE_PLACES,2/14/18,4.0
4962_147,test_34753475811,CARS,11/7/14,5.0
4962_147,test_34755578424,CARS,4/13/14,5.0
4962_147,test_34756279706,CARS,4/1/14,5.0
4962_147,test_34765272501,CARS,8/4/14,5.0
4962_221,test_35740371031,GOOGLE_PLACES,2/21/18,4.0
4962_221,test_35741580000,GOOGLE_PLACES,2/5/18,4.0
4962_221,test_35743511284,GOOGLE_PLACES,6/6/17,3.0
4962_221,test_35744125664,GOOGLE_PLACES,4/25/17,3.0
4962_221,test_35767286457,GOOGLE_PLACES,5/24/16,1.0
4962_221,test_35768304130,GOOGLE_PLACES,4/29/17,3.0
4962_221,test_35769723214,GOOGLE_PLACES,7/22/16,1.0
4962_221,test_35770465376,GOOGLE_PLACES,1/22/18,4.0
4962_221,test_35771406084,GOOGLE_PLACES,8/30/15,1.0
4962_147,test_35868650874,CARS,10/28/14,5.0
4962_147,test_35870245388,GOOGLE_PLACES,9/5/14,5.0
4962_147,test_35879522031,CARS,10/17/14,5.0
4962_147,test_35880958355,CARS,5/23/14,5.0
4962_147,test_35881851129,CARS,6/21/14,5.0
4962_147,test_35882545626,CARS,5/6/14,5.0
4962_147,test_406238343,FACEBOOK,5/3/16,1.0
4962_147,test_4074773527,FACEBOOK,10/24/15,1.0
4962_147,test_4082729563,FACEBOOK,5/26/16,1.0
4962_147,test_4090480690,FACEBOOK,11/9/16,1.0
4962_147,test_4131965436,FACEBOOK,7/7/16,1.0
4962_147,test_4529478732,FACEBOOK,5/16/14,5.0
4962_147,test_4536754604,FACEBOOK,1/8/14,5.0
4962_147,test_4542108033,FACEBOOK,7/30/15,1.0
4962_147,test_4550871979,FACEBOOK,7/15/15,1.0
4962_147,test_4551946949,FACEBOOK,11/13/14,5.0
4962_147,test_4580140802,FACEBOOK,10/12/15,1.0
4962_147,test_4586893644,FACEBOOK,1/6/14,5.0
4962_147,test_4600116876,FACEBOOK,3/16/18,1.0
4962_147,test_4601955934,FACEBOOK,5/1/16,1.0
4962_185,test_5116485583,GOOGLE_PLACES,4/12/17,3.0
4962_185,test_5120293138,GOOGLE_PLACES,10/2/17,3.0
4962_185,test_514169286,GOOGLE_PLACES,4/15/15,1.0
4962_185,test_5143314399,GOOGLE_PLACES,6/5/16,1.0
4962_185,test_5145766625,GOOGLE_PLACES,6/16/16,1.0
4962_185,test_5166463203,GOOGLE_PLACES,1/9/18,4.0
4962_185,test_5169640536,GOOGLE_PLACES,3/31/16,1.0
4962_185,test_5170445066,GOOGLE_PLACES,2/26/18,4.0
4962_185,test_5171276105,GOOGLE_PLACES,2/16/18,4.0
4962_185,test_5191124476,GOOGLE_PLACES,7/14/16,1.0
4962_185,test_5192392407,GOOGLE_PLACES,6/10/17,3.0
4962_185,test_5194936201,GOOGLE_PLACES,1/5/18,4.0
4962_185,test_5217150507,GOOGLE_PLACES,9/7/17,3.0
4962_185,test_5218427004,GOOGLE_PLACES,2/2/17,3.0
4962_185,test_5220363626,GOOGLE_PLACES,6/15/16,1.0
4962_185,test_5221267832,GOOGLE_PLACES,10/5/15,1.0
4962_185,test_5223268807,GOOGLE_PLACES,2/1/18,4.0
4962_185,test_5243381488,GOOGLE_PLACES,1/12/18,4.0
4962_185,test_5244678598,GOOGLE_PLACES,4/28/15,1.0
4962_185,test_5245845893,GOOGLE_PLACES,10/3/14,5.0
4962_185,test_5246305919,GOOGLE_PLACES,2/13/16,1.0
4962_185,test_5248763370,GOOGLE_PLACES,4/29/17,3.0
4962_185,test_5250610712,GOOGLE_PLACES,2/12/18,4.0
4962_185,test_5272144675,GOOGLE_PLACES,12/14/15,1.0
4962_185,test_5273204888,GOOGLE_PLACES,2/7/17,3.0
4962_185,test_5276545784,GOOGLE_PLACES,2/15/16,1.0
4962_185,test_5278398662,GOOGLE_PLACES,10/7/17,3.0
4962_185,test_5863771584,GOOGLE_PLACES,2/2/14,5.0
4962_185,test_586442673,GOOGLE_PLACES,7/12/16,1.0
4962_185,test_5865681330,GOOGLE_PLACES,2/12/18,4.0
4962_185,test_5866871328,GOOGLE_PLACES,2/17/18,4.0
4962_185,test_588933077,GOOGLE_PLACES,4/10/16,1.0
4962_185,test_5890781470,GOOGLE_PLACES,9/17/14,5.0
4962_185,test_5891128571,GOOGLE_PLACES,7/7/15,1.0
4962_185,test_5892120982,GOOGLE_PLACES,8/30/15,1.0
4962_185,test_5893502512,GOOGLE_PLACES,2/17/18,4.0
4962_185,test_5894349772,GOOGLE_PLACES,2/16/18,4.0
4962_185,test_5916811613,GOOGLE_PLACES,3/6/18,4.0
4962_185,test_5918311051,GOOGLE_PLACES,4/3/14,5.0
4962_185,test_5919282831,GOOGLE_PLACES,10/16/16,1.0
4962_185,test_592032580,GOOGLE_PLACES,1/15/17,3.0
4962_185,test_5921553801,GOOGLE_PLACES,8/6/16,1.0
4962_185,test_5924849315,GOOGLE_PLACES,2/16/18,4.0
4962_185,test_5925883883,CARS,3/29/18,5.0
4962_185,test_5946454327,GOOGLE_PLACES,10/29/16,1.0
4962_185,test_5947581135,GOOGLE_PLACES,9/28/15,1.0
4962_185,test_5949286112,GOOGLE_PLACES,12/6/15,1.0
4962_185,test_5951630781,GOOGLE_PLACES,6/16/16,1.0
4962_185,test_5952633984,GOOGLE_PLACES,9/10/17,3.0
4962_185,test_5971739178,GOOGLE_PLACES,7/13/16,1.0
4962_185,test_5972325585,GOOGLE_PLACES,6/16/15,1.0
4962_185,test_5973487669,GOOGLE_PLACES,6/5/17,3.0
4962_185,test_5975103502,GOOGLE_PLACES,12/12/17,3.0
4962_185,test_5999246190,GOOGLE_PLACES,3/24/18,4.0
4962_185,test_6003578386,GOOGLE_PLACES,5/31/17,3.0
4962_185,test_6004190889,GOOGLE_PLACES,1/29/17,3.0
4962_185,test_6005699843,GOOGLE_PLACES,8/16/17,3.0
4962_185,test_6007474221,CARS,4/15/16,5.0
4962_185,test_6031207934,GOOGLE_PLACES,5/29/17,3.0
4962_185,test_6032963186,GOOGLE_PLACES,6/17/16,1.0
4962_185,test_6033459144,GOOGLE_PLACES,8/2/17,3.0
4962_185,test_6035953742,CARS,7/23/17,5.0
4962_185,test_6436960467,GOOGLE_PLACES,2/6/17,3.0
4962_185,test_6439923628,GOOGLE_PLACES,1/10/14,5.0
4962_185,test_6442255947,GOOGLE_PLACES,9/29/17,3.0
4962_185,test_6464424477,GOOGLE_PLACES,4/2/16,1.0
4962_185,test_6465799249,GOOGLE_PLACES,4/12/15,1.0
4962_185,test_6466542358,GOOGLE_PLACES,5/31/16,1.0
4962_185,test_6469890771,GOOGLE_PLACES,12/17/17,3.0
4962_185,test_6470625983,CARS,2/5/14,5.0
4962_185,test_6493955671,GOOGLE_PLACES,7/9/17,3.0
4962_185,test_6494378610,GOOGLE_PLACES,1/12/15,1.0
4962_185,test_6496233875,GOOGLE_PLACES,12/16/16,1.0
4962_185,test_6498846062,GOOGLE_PLACES,8/10/17,3.0
4962_185,test_6500400760,CARS,6/24/14,5.0
4962_185,test_6520999330,GOOGLE_PLACES,1/17/18,4.0
4962_185,test_6523354629,GOOGLE_PLACES,5/16/15,1.0
4962_185,test_6524512981,GOOGLE_PLACES,1/9/17,3.0
4962_185,test_6525442116,GOOGLE_PLACES,8/7/16,1.0
4962_185,test_652735914,GOOGLE_PLACES,2/26/18,4.0
4962_185,test_6547236956,GOOGLE_PLACES,2/6/16,1.0
4962_185,test_6548278402,GOOGLE_PLACES,1/7/16,1.0
4962_185,test_6549379520,GOOGLE_PLACES,5/31/16,1.0
4962_185,test_6553513774,GOOGLE_PLACES,10/9/17,3.0
4962_185,test_6579750871,GOOGLE_PLACES,8/7/16,1.0
4962_185,test_6581577934,GOOGLE_PLACES,10/31/15,1.0
4962_185,test_6582339606,GOOGLE_PLACES,6/7/17,3.0
4962_185,test_6583826126,GOOGLE_PLACES,5/16/15,1.0
4962_185,test_6584424636,GOOGLE_PLACES,8/5/17,3.0
4962_185,test_6603320547,GOOGLE_PLACES,1/5/17,3.0
4962_185,test_6605779223,GOOGLE_PLACES,10/10/17,3.0
4962_185,test_660687537,CARS,2/10/18,5.0
4962_185,test_6630155046,GOOGLE_PLACES,7/15/17,3.0
4962_185,test_6631470091,GOOGLE_PLACES,9/28/16,1.0
4962_185,test_6633766197,GOOGLE_PLACES,6/17/17,3.0
4962_185,test_6634786533,GOOGLE_PLACES,6/5/15,1.0
4962_185,test_6656244460,GOOGLE_PLACES,12/6/17,3.0
4962_185,test_6657217369,GOOGLE_PLACES,8/15/16,1.0
4962_185,test_6658101913,GOOGLE_PLACES,1/31/17,3.0
4962_185,test_6662848078,GOOGLE_PLACES,12/12/17,3.0
4962_185,test_6684165907,GOOGLE_PLACES,3/20/18,4.0
4962_185,test_6685902901,GOOGLE_PLACES,6/8/16,1.0
4962_185,test_6688830315,GOOGLE_PLACES,6/6/17,3.0
4962_185,test_6691586167,CARS,5/7/14,5.0
4962_185,test_6711434135,GOOGLE_PLACES,1/3/18,4.0
4962_185,test_6712558981,GOOGLE_PLACES,8/2/16,1.0
4962_185,test_6713748094,GOOGLE_PLACES,9/1/15,1.0
4962_185,test_6716767973,GOOGLE_PLACES,2/6/17,3.0
4962_185,test_8072693477,GOOGLE_PLACES,3/17/18,4.0
4962_185,test_8073213077,GOOGLE_PLACES,7/17/17,3.0
4962_185,test_8076954331,GOOGLE_PLACES,5/14/16,1.0
4962_185,test_8077766529,GOOGLE_PLACES,8/3/17,3.0
4962_185,test_8100286293,GOOGLE_PLACES,3/7/18,4.0
4962_185,test_8101270932,GOOGLE_PLACES,12/16/17,3.0
4962_185,test_8102417003,GOOGLE_PLACES,7/31/16,1.0
4962_185,test_8105612126,GOOGLE_PLACES,8/13/17,3.0
4962_185,test_8107149836,CARS,2/11/18,5.0
4962_185,test_8127279493,GOOGLE_PLACES,1/1/18,4.0
4962_185,test_8128898061,GOOGLE_PLACES,10/6/16,1.0
4962_185,test_8131990020,GOOGLE_PLACES,3/30/15,1.0
4962_185,test_8132829785,GOOGLE_PLACES,9/16/17,3.0
4962_185,test_813488243,CARS,12/29/16,5.0
4962_185,test_8159233713,GOOGLE_PLACES,8/12/16,1.0
4962_185,test_8161938901,GOOGLE_PLACES,4/12/16,1.0
4962_185,test_8162440847,GOOGLE_PLACES,5/12/17,3.0
4962_185,test_8163219205,GOOGLE_PLACES,9/14/17,3.0
4962_185,test_8185800082,GOOGLE_PLACES,7/14/17,3.0
4962_185,test_8186853213,GOOGLE_PLACES,7/17/15,1.0
4962_185,test_8187102868,GOOGLE_PLACES,6/12/17,3.0
4962_185,test_8188185637,GOOGLE_PLACES,6/5/15,1.0
4962_185,test_8189237148,GOOGLE_PLACES,8/13/17,3.0
4962_185,test_81907002,GOOGLE_PLACES,11/29/17,3.0
4962_185,test_8210757084,GOOGLE_PLACES,2/14/17,3.0
4962_185,test_8211133069,GOOGLE_PLACES,10/2/15,1.0
4962_185,test_8212904128,GOOGLE_PLACES,5/31/17,3.0
4962_185,test_8214442104,GOOGLE_PLACES,11/9/17,3.0
4962_185,test_8215233296,CARS,10/23/15,5.0
4962_185,test_8235367851,GOOGLE_PLACES,3/9/18,4.0
4962_185,test_8236310997,GOOGLE_PLACES,11/29/17,3.0
4962_185,test_8237487275,GOOGLE_PLACES,12/8/16,1.0
4962_185,test_8238582888,GOOGLE_PLACES,6/3/16,1.0
4962_185,test_823989704,GOOGLE_PLACES,10/16/15,1.0
4962_185,test_8241932701,GOOGLE_PLACES,6/7/17,3.0
4962_185,test_824211293,GOOGLE_PLACES,11/1/17,3.0
4962_185,test_8243719041,GOOGLE_PLACES,2/10/18,4.0
4962_185,test_8244247271,CARS,3/27/18,5.0
4962_442,442496393,GOOGLE_PLACES,4/15/18,4.0
4962_442,442565449,GOOGLE_PLACES,4/10/18,4.0
4962_442,4420530938,GOOGLE_PLACES,4/3/18,4.0
4962_442,4421076301,GOOGLE_PLACES,4/3/18,4.0
4962_442,4421667890,GOOGLE_PLACES,4/4/18,4.0
4962_442,4422199414,GOOGLE_PLACES,4/15/18,4.0
4962_442,4422897863,GOOGLE_PLACES,4/2/18,4.0
4962_442,4423236366,GOOGLE_PLACES,4/6/18,4.0
4962_442,4423367825,GOOGLE_PLACES,4/2/18,4.0
4962_442,4424178746,GOOGLE_PLACES,4/11/18,4.0
4962_442,4424463238,GOOGLE_PLACES,4/3/18,4.0
4962_442,4424552231,GOOGLE_PLACES,4/2/18,4.0
4962_442,4425442570,GOOGLE_PLACES,4/10/18,4.0
4962_442,4425704067,GOOGLE_PLACES,4/5/18,4.0
4962_442,4426270992,GOOGLE_PLACES,4/4/18,4.0
4962_442,4426728379,GOOGLE_PLACES,4/2/18,4.0
4962_442,4427300965,GOOGLE_PLACES,4/5/18,4.0
4962_442,4428603292,GOOGLE_PLACES,4/1/18,4.0
4962_442,4429596268,GOOGLE_PLACES,4/5/18,4.0
4962_442,44211567115,GOOGLE_PLACES,4/5/18,4.0
4962_442,44212264789,GOOGLE_PLACES,4/3/18,4.0
4962_442,44213869441,GOOGLE_PLACES,4/4/18,4.0
4962_442,44214508194,GOOGLE_PLACES,4/3/18,4.0
4962_442,44215502516,GOOGLE_PLACES,4/3/18,4.0
4962_442,44216464157,GOOGLE_PLACES,4/2/18,4.0
4962_442,44217337142,GOOGLE_PLACES,4/4/18,4.0
4962_442,44218684342,GOOGLE_PLACES,4/1/18,4.0
4962_442,44219510270,GOOGLE_PLACES,4/7/18,4.0
4962_442,44220785264,GOOGLE_PLACES,4/11/18,4.0
4962_442,44222935714,GOOGLE_PLACES,4/2/18,4.0
4962_442,44223430163,GOOGLE_PLACES,4/3/18,4.0
4962_442,44224797088,GOOGLE_PLACES,4/2/18,4.0
4962_442,44225466339,GOOGLE_PLACES,4/2/18,4.0
4962_442,44226776420,GOOGLE_PLACES,4/6/18,4.0
4962_442,44227143345,GOOGLE_PLACES,4/8/18,4.0
4962_442,44228998639,GOOGLE_PLACES,4/11/18,4.0
4962_442,44229803604,GOOGLE_PLACES,4/13/18,4.0
4962_442,44230365564,GOOGLE_PLACES,4/6/18,4.0
4962_442,44231631714,GOOGLE_PLACES,4/6/18,4.0
4962_442,44232200190,GOOGLE_PLACES,4/15/18,4.0
4962_442,44234732489,GOOGLE_PLACES,4/6/18,4.0
4962_442,44235611046,GOOGLE_PLACES,4/11/18,4.0
4962_442,44236917375,GOOGLE_PLACES,4/10/18,4.0
4962_442,44237977971,GOOGLE_PLACES,4/9/18,4.0
4962_442,44238244121,GOOGLE_PLACES,4/11/18,4.0
4962_442,44239873338,GOOGLE_PLACES,4/9/18,4.0
4962_442,44240833265,GOOGLE_PLACES,4/13/18,4.0
4962_442,44242877196,GOOGLE_PLACES,4/6/18,4.0
4962_442,44243829301,GOOGLE_PLACES,4/11/18,4.0
4962_442,44245812597,GOOGLE_PLACES,4/10/18,4.0
4962_442,44246445672,GOOGLE_PLACES,4/10/18,4.0
4962_442,44247308720,GOOGLE_PLACES,4/11/18,4.0
4962_442,44248696313,GOOGLE_PLACES,4/3/18,4.0
4962_442,44250675645,GOOGLE_PLACES,4/6/18,4.0
4962_442,44251565080,GOOGLE_PLACES,4/10/18,4.0
4962_442,44252711821,GOOGLE_PLACES,4/11/18,4.0
4962_442,44253409495,GOOGLE_PLACES,4/12/18,4.0
4962_442,44255344896,GOOGLE_PLACES,4/10/18,4.0
4962_442,44257905618,GOOGLE_PLACES,4/16/18,4.0
4962_442,44258272543,GOOGLE_PLACES,4/10/18,4.0
4962_442,44259164013,GOOGLE_PLACES,4/2/18,4.0
4962_442,44260970217,GOOGLE_PLACES,4/5/18,4.0
4962_442,44261640305,GOOGLE_PLACES,4/2/18,4.0
4962_442,44263772416,GOOGLE_PLACES,4/3/18,4.0
4962_147,test_1036090940,FACEBOOK,6/7/17,1.0
4962_147,test_10415517843,FACEBOOK,6/5/17,1.0
4962_147,test_10416217167,FACEBOOK,4/13/17,1.0
4962_147,test_10429913066,FACEBOOK,6/5/17,1.0
4962_147,test_10437545237,FACEBOOK,3/6/17,1.0
4962_185,test_11299346922,FACEBOOK,8/19/15,1.0
4962_185,test_11327180162,FACEBOOK,7/21/16,1.0
4962_185,test_1132886309,FACEBOOK,6/26/15,1.0
4962_185,test_1135648378,FACEBOOK,1/14/14,1.0
4962_185,test_11357235098,FACEBOOK,3/20/16,1.0
4962_185,test_11381644644,FACEBOOK,11/3/16,1.0
4962_185,test_11382230231,FACEBOOK,12/28/17,1.0
4962_185,test_11407300544,FACEBOOK,11/6/14,1.0
4962_185,test_11408962181,FACEBOOK,6/14/15,1.0
4962_185,test_11434874672,FACEBOOK,11/5/16,1.0
4962_185,test_11435236089,FACEBOOK,3/21/17,1.0
4962_185,test_11462149619,FACEBOOK,4/10/17,1.0
4962_185,test_11487283802,FACEBOOK,10/4/16,1.0
4962_185,test_11488860867,FACEBOOK,2/4/16,1.0
4962_185,test_17937830545,FACEBOOK,1/9/14,1.0
4962_185,test_17938249996,FACEBOOK,9/6/17,1.0
4962_185,test_17965310318,FACEBOOK,11/4/16,1.0
4962_185,test_17966569730,FACEBOOK,2/14/17,1.0
4962_185,test_17967838831,FACEBOOK,7/10/15,1.0
4962_185,test_17994513384,FACEBOOK,10/1/17,1.0
4962_185,test_18495259280,FACEBOOK,11/18/16,1.0
4962_185,test_18496629775,FACEBOOK,3/30/16,1.0
4962_185,test_18524715468,FACEBOOK,2/17/14,1.0
4962_185,test_1852540960,FACEBOOK,10/23/15,1.0
4962_185,test_18550742415,FACEBOOK,5/2/15,1.0
4962_185,test_18551693875,FACEBOOK,4/9/15,1.0
4962_185,test_18574305409,FACEBOOK,10/20/16,1.0
4962_185,test_1857561862,FACEBOOK,3/2/17,1.0
4962_221,test_18890435702,CARS,5/30/16,5.0
4962_221,test_18891734245,CARS,9/30/15,4.0
4962_221,test_18892319419,CARS,5/17/15,4.0
4962_221,test_18919308349,CARS,4/15/16,5.0
4962_221,test_18920549624,CARS,1/26/18,5.0
4962_221,test_18921259482,CARS,2/11/17,5.0
4962_147,test_2412581261,GOOGLE_PLACES,7/10/17,3.0
4962_147,test_24136792997,GOOGLE_PLACES,7/21/17,3.0
4962_147,test_24137401464,GOOGLE_PLACES,9/23/17,3.0
4962_147,test_24144579744,CARS,5/2/17,5.0
4962_147,test_24148999825,GOOGLE_PLACES,9/23/17,3.0
4962_147,test_24157714920,CARS,5/25/17,5.0
4962_147,test_24158344346,GOOGLE_PLACES,1/6/17,3.0
4962_221,test_24265941035,CARS,8/13/16,5.0
4962_221,test_24266336198,CARS,6/8/15,4.0
4962_221,test_24267156697,CARS,2/2/18,5.0
4962_221,test_24294336494,CARS,5/28/15,4.0
4962_221,test_24295935636,CARS,9/30/15,4.0
4962_221,test_24296116745,CARS,3/24/16,5.0
4962_221,test_24320444092,CARS,12/20/17,5.0
4962_221,test_2432139390,CARS,12/29/15,4.0
4962_221,test_2432251811,CARS,4/11/16,5.0
4962_221,test_24349143072,CARS,2/22/18,5.0
4962_221,test_2435053882,CARS,1/25/18,5.0
4962_221,test_24351497328,CARS,1/12/18,5.0
4962_221,test_26216637373,CARS,11/21/15,4.0
4962_221,test_2621714386,CARS,1/8/16,5.0
4962_221,test_2621844882,CARS,9/17/15,4.0
4962_221,test_2624346104,CARS,1/1/18,5.0
4962_221,test_26244224557,CARS,4/22/16,5.0
4962_221,test_26245803660,CARS,9/1/15,4.0
4962_221,test_26273769458,CARS,4/29/15,4.0
4962_221,test_26274296909,CARS,2/17/18,5.0
4962_147,test_26857268151,GOOGLE_PLACES,10/12/17,3.0
4962_147,test_26867405041,GOOGLE_PLACES,9/20/17,3.0
4962_147,test_26868843212,GOOGLE_PLACES,6/5/17,3.0
4962_147,test_26879892052,GOOGLE_PLACES,7/22/17,3.0
4962_147,test_26886692492,GOOGLE_PLACES,9/8/17,3.0
4962_147,test_26887150454,GOOGLE_PLACES,6/21/17,3.0
4962_147,test_26899979679,GOOGLE_PLACES,6/8/17,3.0
4962_147,test_26908246298,GOOGLE_PLACES,12/22/17,3.0
4962_147,test_26909484561,GOOGLE_PLACES,2/16/17,3.0
4962_147,test_2692260197,GOOGLE_PLACES,7/15/17,3.0
4962_147,test_2692321501,GOOGLE_PLACES,9/22/17,3.0
4962_147,test_26933477972,GOOGLE_PLACES,11/12/17,3.0
4962_147,test_26934335357,GOOGLE_PLACES,2/5/17,3.0
4962_221,test_28029531791,CARS,3/25/16,5.0
4962_221,test_28030363905,CARS,5/29/15,4.0
4962_221,test_28031624978,CARS,3/3/18,5.0
4962_221,test_28055975528,CARS,6/19/16,5.0
4962_221,test_28056178,CARS,1/25/18,5.0
4962_221,test_28057499319,CARS,12/30/17,5.0
4962_221,test_28087567964,CARS,9/23/15,4.0
4962_221,test_28088803953,CARS,10/7/15,4.0
4962_221,test_28089436869,CARS,2/24/15,4.0
4962_147,test_29059412132,GOOGLE_PLACES,12/10/17,3.0
4962_147,test_29062994468,GOOGLE_PLACES,10/22/17,3.0
4962_147,test_29086661290,GOOGLE_PLACES,8/22/17,3.0
4962_147,test_29087805704,GOOGLE_PLACES,6/19/17,3.0
4962_147,test_29098401222,GOOGLE_PLACES,11/14/17,3.0
4962_147,test_29099103638,GOOGLE_PLACES,4/9/17,3.0
4962_147,test_29106964699,CARS,9/14/17,5.0
4962_147,test_2910784207,GOOGLE_PLACES,6/9/17,3.0
4962_147,test_29108267276,GOOGLE_PLACES,5/15/17,3.0
4962_147,test_29110350461,GOOGLE_PLACES,10/10/17,3.0
4962_147,test_29120831644,GOOGLE_PLACES,7/17/17,3.0
4962_147,test_2912197416,GOOGLE_PLACES,9/6/17,3.0
4962_147,test_29131758209,GOOGLE_PLACES,8/23/17,3.0
4962_147,test_29132313530,GOOGLE_PLACES,9/15/17,3.0
4962_147,test_29144590948,GOOGLE_PLACES,7/16/17,3.0
4962_147,test_29145181741,GOOGLE_PLACES,10/10/17,3.0
4962_221,test_29259261656,CARS,2/20/16,5.0
4962_221,test_29260890381,CARS,5/12/16,5.0
4962_221,test_29288397218,CARS,5/23/15,4.0
4962_221,test_29289929796,CARS,1/18/18,5.0
4962_221,test_29290974404,CARS,2/26/18,5.0
4962_221,test_29317548977,CARS,5/14/15,4.0
4962_221,test_29318581533,CARS,2/15/16,5.0
4962_221,test_29319964927,CARS,2/11/16,5.0
4962_221,test_29347174653,CARS,3/24/18,5.0
4962_221,test_29348409086,CARS,2/16/16,5.0
4962_221,test_29349699183,CARS,6/30/15,4.0
4962_221,test_30037821716,CARS,3/2/18,5.0
4962_221,test_30060450753,CARS,9/2/15,4.0
4962_221,test_30061930948,CARS,6/28/15,4.0
4962_221,test_30062333962,CARS,3/24/18,5.0
4962_221,test_30093608288,CARS,12/21/17,5.0
4962_221,test_30094505144,CARS,10/3/15,4.0
4962_221,test_30095254428,CARS,3/22/18,5.0
4962_221,test_30120315318,CARS,3/28/18,5.0
4962_221,test_30121263888,CARS,11/7/16,5.0
4962_221,test_30122709095,CARS,4/28/16,5.0
4962_221,test_30123822982,CARS,3/2/18,5.0
4962_221,test_30147698477,CARS,2/9/18,5.0
4962_221,test_30148785614,CARS,9/17/16,5.0
4962_221,test_30149148242,CARS,6/15/16,5.0
4962_221,test_30177923089,CARS,12/12/16,5.0
4962_221,test_30178186772,CARS,9/23/15,4.0
4962_221,test_3017977551,CARS,3/4/18,5.0
4962_221,test_30208800048,CARS,11/29/17,5.0
4962_221,test_30209377611,CARS,11/8/15,4.0
4962_221,test_3021068016,CARS,12/31/17,5.0
4962_221,test_31106683586,CARS,1/7/16,5.0
4962_221,test_31107487688,CARS,7/16/15,4.0
4962_221,test_31108364294,CARS,9/5/15,4.0
4962_221,test_31135616037,CARS,12/30/15,4.0
4962_221,test_31136519556,CARS,8/26/16,5.0
4962_221,test_31137973358,CARS,12/17/17,5.0
4962_221,test_31167112374,CARS,4/1/16,5.0
4962_221,test_31168369731,CARS,12/30/17,5.0
4962_221,test_31169672129,CARS,1/13/16,5.0
4962_147,test_31878594516,GOOGLE_PLACES,9/13/17,3.0
4962_147,test_31891749047,GOOGLE_PLACES,12/14/17,3.0
4962_147,test_31900675162,GOOGLE_PLACES,11/20/17,3.0
4962_147,test_31903800718,GOOGLE_PLACES,8/19/17,3.0
4962_147,test_31912493264,CARS,6/18/17,5.0
4962_147,test_3191468868,GOOGLE_PLACES,6/14/17,3.0
4962_147,test_3192410246,CARS,8/5/17,5.0
4962_147,test_31927130975,GOOGLE_PLACES,7/13/17,3.0
4962_147,test_31928673032,GOOGLE_PLACES,9/12/17,3.0
4962_147,test_31938646700,GOOGLE_PLACES,12/12/17,3.0
4962_147,test_31940331288,GOOGLE_PLACES,12/12/17,3.0
4962_147,test_31947131411,GOOGLE_PLACES,12/6/17,3.0
4962_147,test_31949940579,GOOGLE_PLACES,12/17/17,3.0
4962_147,test_31961367933,GOOGLE_PLACES,12/14/17,3.0
4962_147,test_31963428754,GOOGLE_PLACES,12/9/17,3.0
4962_147,test_3197337732,GOOGLE_PLACES,7/23/17,3.0
4962_221,test_33887420263,CARS,3/25/16,5.0
4962_221,test_33888680415,CARS,2/13/16,5.0
4962_221,test_33889159117,CARS,2/24/18,5.0
4962_221,test_33913833676,CARS,3/21/17,5.0
4962_221,test_33914981592,CARS,6/4/17,5.0
4962_221,test_33915130066,CARS,3/10/16,5.0
4962_221,test_33940708528,CARS,9/2/15,4.0
4962_221,test_33941861661,CARS,7/14/15,4.0
4962_221,test_33942268083,CARS,1/26/18,5.0
4962_221,test_33964395219,CARS,5/21/15,4.0
4962_221,test_33965425208,CARS,6/13/15,4.0
4962_221,test_3396631656,CARS,4/1/16,5.0
4962_147,test_3466897846,GOOGLE_PLACES,10/7/17,3.0
4962_147,test_34672160003,CARS,3/18/17,5.0
4962_147,test_3468829914,GOOGLE_PLACES,9/19/17,3.0
4962_147,test_34713666695,GOOGLE_PLACES,5/9/17,3.0
4962_147,test_3472372308,GOOGLE_PLACES,2/5/17,3.0
4962_147,test_34724113441,GOOGLE_PLACES,4/14/17,3.0
4962_147,test_34726185011,GOOGLE_PLACES,10/5/17,3.0
4962_147,test_34736152617,GOOGLE_PLACES,10/16/17,3.0
4962_147,test_34748723036,GOOGLE_PLACES,8/14/17,3.0
4962_147,test_3475753870,GOOGLE_PLACES,11/6/17,3.0
4962_147,test_34758340537,GOOGLE_PLACES,6/21/17,3.0
4962_147,test_34759151338,GOOGLE_PLACES,12/6/17,3.0
4962_221,test_35734143256,CARS,3/28/18,5.0
4962_221,test_3573538479,CARS,7/17/17,5.0
4962_221,test_35736445161,CARS,3/7/16,5.0
4962_221,test_35737210359,CARS,2/26/18,5.0
4962_221,test_35762911898,CARS,1/3/18,5.0
4962_221,test_35763515709,CARS,4/25/16,5.0
4962_221,test_35764659026,CARS,5/6/16,5.0
4962_147,test_35869889363,CARS,8/11/17,5.0
4962_147,test_35871684538,GOOGLE_PLACES,1/21/17,3.0
4962_147,test_35884527895,GOOGLE_PLACES,8/17/17,3.0
4962_147,test_35885671812,GOOGLE_PLACES,10/12/17,3.0
4962_147,test_4068426380,FACEBOOK,3/7/17,1.0
4962_147,test_4089191936,FACEBOOK,10/24/17,1.0
4962_147,test_4104644368,FACEBOOK,5/22/17,1.0
4962_147,test_4110901513,FACEBOOK,6/12/17,1.0
4962_147,test_4528125377,FACEBOOK,6/5/17,1.0
4962_147,test_4573349922,FACEBOOK,5/9/17,1.0
4962_185,test_5097581570,FACEBOOK,3/22/15,1.0
4962_185,test_5098222330,FACEBOOK,6/7/17,1.0
4962_185,test_5122643687,FACEBOOK,6/27/14,1.0
4962_185,test_5123736064,FACEBOOK,5/17/17,1.0
4962_185,test_514758154,FACEBOOK,11/26/16,1.0
4962_185,test_5148257045,FACEBOOK,9/9/15,1.0
4962_185,test_5174940016,FACEBOOK,7/31/14,1.0
4962_185,test_5175196408,FACEBOOK,10/16/15,1.0
4962_185,test_5197351829,FACEBOOK,6/3/16,1.0
4962_185,test_5198836999,FACEBOOK,12/14/16,1.0
4962_185,test_5226998056,FACEBOOK,1/2/14,1.0
4962_185,test_5227326225,FACEBOOK,1/8/18,5.0
4962_185,test_525237270,FACEBOOK,3/27/15,1.0
4962_185,test_525371734,FACEBOOK,9/30/16,1.0
4962_185,test_5280515474,FACEBOOK,7/28/15,1.0
4962_185,test_5281865868,FACEBOOK,3/12/17,1.0
4962_185,test_5869414587,FACEBOOK,8/7/15,1.0
4962_185,test_5870248546,FACEBOOK,5/12/17,1.0
4962_185,test_5897978942,FACEBOOK,2/5/17,1.0
4962_185,test_5898928616,FACEBOOK,10/15/16,1.0
4962_185,test_5926285343,FACEBOOK,10/15/16,1.0
4962_185,test_5927607914,FACEBOOK,7/30/16,1.0
4962_185,test_5954131865,FACEBOOK,4/6/14,1.0
4962_185,test_5955939722,FACEBOOK,10/25/17,1.0
4962_185,test_5979817614,FACEBOOK,3/15/18,5.0
4962_185,test_5980366390,FACEBOOK,6/30/14,1.0
4962_185,test_598169209,FACEBOOK,2/24/18,5.0
4962_185,test_6008530596,FACEBOOK,9/26/16,1.0
4962_185,test_6009714278,FACEBOOK,6/29/14,1.0
4962_185,test_6010975442,FACEBOOK,11/13/16,1.0
4962_185,test_6036894271,FACEBOOK,5/26/14,1.0
4962_185,test_6037500663,FACEBOOK,11/18/16,1.0
4962_185,test_6446685624,FACEBOOK,10/2/16,1.0
4962_185,test_6447696685,FACEBOOK,8/31/17,1.0
4962_185,test_6473155130,FACEBOOK,11/18/16,1.0
4962_185,test_6474792149,FACEBOOK,9/29/16,1.0
4962_185,test_6475225549,FACEBOOK,11/7/16,1.0
4962_185,test_6501871275,FACEBOOK,5/26/16,1.0
4962_185,test_6502306076,FACEBOOK,2/29/16,1.0
4962_185,test_6530685300,FACEBOOK,11/18/16,1.0
4962_185,test_6531576923,FACEBOOK,2/11/17,1.0
4962_185,test_655880851,FACEBOOK,8/31/14,1.0
4962_185,test_6559812891,FACEBOOK,10/13/16,1.0
4962_185,test_6560803831,FACEBOOK,7/30/15,1.0
4962_185,test_6586347903,FACEBOOK,3/18/14,1.0
4962_185,test_6587716095,FACEBOOK,11/18/16,1.0
4962_185,test_6609772598,FACEBOOK,1/9/14,1.0
4962_185,test_6610641718,FACEBOOK,3/2/17,1.0
4962_185,test_6611126265,FACEBOOK,11/2/16,1.0
4962_185,test_663916044,FACEBOOK,6/25/14,1.0
4962_185,test_6640583638,FACEBOOK,11/12/16,1.0
4962_185,test_6664214635,FACEBOOK,3/15/17,1.0
4962_185,test_6665663840,FACEBOOK,9/21/14,1.0
4962_185,test_6666906837,FACEBOOK,10/11/14,1.0
4962_185,test_6692784713,FACEBOOK,1/2/14,1.0
4962_185,test_6693654471,FACEBOOK,10/10/17,1.0
4962_185,test_8055443349,FACEBOOK,9/5/14,1.0
4962_185,test_8056901,FACEBOOK,6/15/14,1.0
4962_185,test_8057885840,FACEBOOK,7/29/15,1.0
4962_185,test_8081828888,FACEBOOK,2/18/15,1.0
4962_185,test_8082456099,FACEBOOK,4/12/17,1.0
4962_185,test_8110416451,FACEBOOK,8/6/15,1.0
4962_185,test_811153600,FACEBOOK,12/26/15,1.0
4962_185,test_8138884842,FACEBOOK,6/20/14,1.0
4962_185,test_8139376820,FACEBOOK,8/28/16,1.0
4962_185,test_816566639,FACEBOOK,12/23/14,1.0
4962_185,test_8166200617,FACEBOOK,2/20/17,1.0
4962_185,test_8167830411,FACEBOOK,1/29/17,1.0
4962_185,test_8191533222,FACEBOOK,3/2/16,1.0
4962_185,test_8192867949,FACEBOOK,11/10/17,1.0
4962_185,test_8193238229,FACEBOOK,11/18/16,1.0
4962_185,test_8218201172,FACEBOOK,7/19/16,1.0
4962_185,test_8219378940,FACEBOOK,12/4/17,1.0
4962_185,test_8245807617,FACEBOOK,1/23/14,1.0
